"nclusters","clusteroverlap","totaloverlap","iteration_scores"
1,3.53989167077019,3.53989167077019,3.53989167077019
2,7.2711880340498,14.5423760680996,3.6355940170249
3,1.65652807419352,4.96958422258057,0.552176024731175
4,6.72459708792677,26.8983883517071,1.68114927198169
5,1.8059859527908,9.029929763954,0.36119719055816
6,7.84316077372257,47.0589646423354,1.30719346228709
7,2.72674989820654,19.0872492874458,0.389535699743791
8,4.4181127686366,35.3449021490928,0.552264096079575
9,0,0,0
